{
    "name": "root",
    "gauges": {
        "MyBehavior.Policy.Entropy.mean": {
            "value": 1.3058713674545288,
            "min": 1.3058713674545288,
            "max": 1.418938398361206,
            "count": 21
        },
        "MyBehavior.Policy.Entropy.sum": {
            "value": 13032.595703125,
            "min": 13032.595703125,
            "max": 14322.763671875,
            "count": 21
        },
        "MyBehavior.Environment.EpisodeLength.mean": {
            "value": 100.29166666666667,
            "min": 42.8296943231441,
            "max": 151.44776119402985,
            "count": 21
        },
        "MyBehavior.Environment.EpisodeLength.sum": {
            "value": 9628.0,
            "min": 9572.0,
            "max": 10147.0,
            "count": 21
        },
        "MyBehavior.Step.mean": {
            "value": 209909.0,
            "min": 9966.0,
            "max": 209909.0,
            "count": 21
        },
        "MyBehavior.Step.sum": {
            "value": 209909.0,
            "min": 9966.0,
            "max": 209909.0,
            "count": 21
        },
        "MyBehavior.Policy.ExtrinsicValueEstimate.mean": {
            "value": 5.01655912399292,
            "min": -0.21334420144557953,
            "max": 7.639558792114258,
            "count": 21
        },
        "MyBehavior.Policy.ExtrinsicValueEstimate.sum": {
            "value": 612.0202026367188,
            "min": -52.48267364501953,
            "max": 1145.933837890625,
            "count": 21
        },
        "MyBehavior.Environment.CumulativeReward.mean": {
            "value": 15.80077265218361,
            "min": -0.546145597549334,
            "max": 18.01582155729595,
            "count": 21
        },
        "MyBehavior.Environment.CumulativeReward.sum": {
            "value": 1532.6749472618103,
            "min": -79.73725724220276,
            "max": 2475.0581146478653,
            "count": 21
        },
        "MyBehavior.Policy.ExtrinsicReward.mean": {
            "value": 15.80077265218361,
            "min": -0.546145597549334,
            "max": 18.01582155729595,
            "count": 21
        },
        "MyBehavior.Policy.ExtrinsicReward.sum": {
            "value": 1532.6749472618103,
            "min": -79.73725724220276,
            "max": 2475.0581146478653,
            "count": 21
        },
        "MyBehavior.IsTraining.mean": {
            "value": 1.0,
            "min": 1.0,
            "max": 1.0,
            "count": 21
        },
        "MyBehavior.IsTraining.sum": {
            "value": 1.0,
            "min": 1.0,
            "max": 1.0,
            "count": 21
        },
        "MyBehavior.Losses.PolicyLoss.mean": {
            "value": 0.025194280008630207,
            "min": 0.017799780202191567,
            "max": 0.032398275126858306,
            "count": 20
        },
        "MyBehavior.Losses.PolicyLoss.sum": {
            "value": 0.025194280008630207,
            "min": 0.017799780202191567,
            "max": 0.032398275126858306,
            "count": 20
        },
        "MyBehavior.Losses.ValueLoss.mean": {
            "value": 21.64012254079183,
            "min": 0.31418015162150065,
            "max": 29.450663121541343,
            "count": 20
        },
        "MyBehavior.Losses.ValueLoss.sum": {
            "value": 21.64012254079183,
            "min": 0.31418015162150065,
            "max": 29.450663121541343,
            "count": 20
        },
        "MyBehavior.Policy.LearningRate.mean": {
            "value": 0.0010000000000000002,
            "min": 0.0010000000000000002,
            "max": 0.0010000000000000002,
            "count": 20
        },
        "MyBehavior.Policy.LearningRate.sum": {
            "value": 0.0010000000000000002,
            "min": 0.0010000000000000002,
            "max": 0.0010000000000000002,
            "count": 20
        },
        "MyBehavior.Policy.Epsilon.mean": {
            "value": 0.20000000000000007,
            "min": 0.20000000000000007,
            "max": 0.20000000000000007,
            "count": 20
        },
        "MyBehavior.Policy.Epsilon.sum": {
            "value": 0.20000000000000007,
            "min": 0.20000000000000007,
            "max": 0.20000000000000007,
            "count": 20
        },
        "MyBehavior.Policy.Beta.mean": {
            "value": 0.0010000000000000002,
            "min": 0.0010000000000000002,
            "max": 0.0010000000000000002,
            "count": 20
        },
        "MyBehavior.Policy.Beta.sum": {
            "value": 0.0010000000000000002,
            "min": 0.0010000000000000002,
            "max": 0.0010000000000000002,
            "count": 20
        }
    },
    "metadata": {
        "timer_format_version": "0.1.0",
        "start_time_seconds": "1636195793",
        "python_version": "3.8.8 (default, Apr 13 2021, 15:08:03) [MSC v.1916 64 bit (AMD64)]",
        "command_line_arguments": "C:\\Users\\Park woojin\\anaconda3\\Scripts\\mlagents-learn C:\\Users\\Park woojin\\results\\Day6_Drone_pnltoen(PPO)_FoodCollector_Re\\FoodCollector.yaml --env=C:\\Users\\Park woojin\\Desktop\\2021_RLKR_Drone_Delivery_Challenge_with_Unity-master\\DroneDelivery.exe --run-id=Day7_Drone_pnltoen(PPO)_Buffer_learningrate_hidden_unit_normalize --width=1080 --height=720 --force --time-scale=50",
        "mlagents_version": "0.26.0",
        "mlagents_envs_version": "0.26.0",
        "communication_protocol_version": "1.5.0",
        "pytorch_version": "1.9.0+cu111",
        "numpy_version": "1.19.5",
        "end_time_seconds": "1636198423"
    },
    "total": 2630.7629678999997,
    "count": 1,
    "self": 0.005885299999590643,
    "children": {
        "run_training.setup": {
            "total": 0.23597230000000025,
            "count": 1,
            "self": 0.23597230000000025
        },
        "TrainerController.start_learning": {
            "total": 2630.5211103,
            "count": 1,
            "self": 3.3779476999829967,
            "children": {
                "TrainerController._reset_env": {
                    "total": 9.0160978,
                    "count": 1,
                    "self": 9.0160978
                },
                "TrainerController.advance": {
                    "total": 2617.739664200017,
                    "count": 216479,
                    "self": 2.996915600043394,
                    "children": {
                        "env_step": {
                            "total": 2281.7081938999713,
                            "count": 216479,
                            "self": 1664.2717646999345,
                            "children": {
                                "SubprocessEnvManager._take_step": {
                                    "total": 613.8357517000172,
                                    "count": 216479,
                                    "self": 9.27287620011532,
                                    "children": {
                                        "TorchPolicy.evaluate": {
                                            "total": 604.5628754999019,
                                            "count": 214117,
                                            "self": 152.05595409990707,
                                            "children": {
                                                "TorchPolicy.sample_actions": {
                                                    "total": 452.50692139999484,
                                                    "count": 214117,
                                                    "self": 452.50692139999484
                                                }
                                            }
                                        }
                                    }
                                },
                                "workers": {
                                    "total": 3.6006775000197706,
                                    "count": 216478,