{
    "name": "root",
    "gauges": {
        "MyBehavior.Policy.Entropy.mean": {
            "value": 1.4484333992004395,
            "min": 1.4135468006134033,
            "max": 1.4689286947250366,
            "count": 23
        },
        "MyBehavior.Policy.Entropy.sum": {
            "value": 14325.0068359375,
            "min": 14048.4541015625,
            "max": 14808.4677734375,
            "count": 23
        },
        "MyBehavior.Environment.EpisodeLength.mean": {
            "value": 374.55555555555554,
            "min": 41.77350427350427,
            "max": 499.0,
            "count": 23
        },
        "MyBehavior.Environment.EpisodeLength.sum": {
            "value": 10113.0,
            "min": 9605.0,
            "max": 10299.0,
            "count": 23
        },
        "MyBehavior.Step.mean": {
            "value": 229874.0,
            "min": 9978.0,
            "max": 229874.0,
            "count": 23
        },
        "MyBehavior.Step.sum": {
            "value": 229874.0,
            "min": 9978.0,
            "max": 229874.0,
            "count": 23
        },
        "MyBehavior.Policy.ExtrinsicValueEstimate.mean": {
            "value": -16.89799690246582,
            "min": -38.61342239379883,
            "max": -0.12643620371818542,
            "count": 23
        },
        "MyBehavior.Policy.ExtrinsicValueEstimate.sum": {
            "value": -777.307861328125,
            "min": -2991.50439453125,
            "max": -29.712507247924805,
            "count": 23
        },
        "MyBehavior.Environment.CumulativeReward.mean": {
            "value": -46.07291731467614,
            "min": -99.49073023243524,
            "max": 0.8869158267974854,
            "count": 23
        },
        "MyBehavior.Environment.CumulativeReward.sum": {
            "value": -1197.8958501815796,
            "min": -23181.34014415741,
            "max": 17.738316535949707,
            "count": 23
        },
        "MyBehavior.Policy.ExtrinsicReward.mean": {
            "value": -46.07291731467614,
            "min": -99.49073023243524,
            "max": 0.8869158267974854,
            "count": 23
        },
        "MyBehavior.Policy.ExtrinsicReward.sum": {
            "value": -1197.8958501815796,
            "min": -23181.34014415741,
            "max": 17.738316535949707,
            "count": 23
        },
        "MyBehavior.IsTraining.mean": {
            "value": 1.0,
            "min": 1.0,
            "max": 1.0,
            "count": 23
        },
        "MyBehavior.IsTraining.sum": {
            "value": 1.0,
            "min": 1.0,
            "max": 1.0,
            "count": 23
        },
        "MyBehavior.Losses.PolicyLoss.mean": {
            "value": 0.021442955856521926,
            "min": 0.01618544097424698,
            "max": 0.04701123131671921,
            "count": 22
        },
        "MyBehavior.Losses.PolicyLoss.sum": {
            "value": 0.021442955856521926,
            "min": 0.01618544097424698,
            "max": 0.04701123131671921,
            "count": 22
        },
        "MyBehavior.Losses.ValueLoss.mean": {
            "value": 38.04226799011231,
            "min": 6.134128944079081,
            "max": 5576.5649556477865,
            "count": 22
        },
        "MyBehavior.Losses.ValueLoss.sum": {
            "value": 38.04226799011231,
            "min": 6.134128944079081,
            "max": 5576.5649556477865,
            "count": 22
        },
        "MyBehavior.Policy.LearningRate.mean": {
            "value": 0.010000000000000002,
            "min": 0.010000000000000002,
            "max": 0.010000000000000002,
            "count": 22
        },
        "MyBehavior.Policy.LearningRate.sum": {
            "value": 0.010000000000000002,
            "min": 0.010000000000000002,
            "max": 0.010000000000000002,
            "count": 22
        },
        "MyBehavior.Policy.Epsilon.mean": {
            "value": 0.20000000000000007,
            "min": 0.20000000000000007,
            "max": 0.20000000000000007,
            "count": 22
        },
        "MyBehavior.Policy.Epsilon.sum": {
            "value": 0.20000000000000007,
            "min": 0.20000000000000007,
            "max": 0.20000000000000007,
            "count": 22
        },
        "MyBehavior.Policy.Beta.mean": {
            "value": 0.0010000000000000002,
            "min": 0.0010000000000000002,
            "max": 0.0010000000000000002,
            "count": 22
        },
        "MyBehavior.Policy.Beta.sum": {
            "value": 0.0010000000000000002,
            "min": 0.0010000000000000002,
            "max": 0.0010000000000000002,
            "count": 22
        }
    },
    "metadata": {
        "timer_format_version": "0.1.0",
        "start_time_seconds": "1636204218",
        "python_version": "3.8.8 (default, Apr 13 2021, 15:08:03) [MSC v.1916 64 bit (AMD64)]",
        "command_line_arguments": "C:\\Users\\csghg\\anaconda3\\Scripts\\mlagents-learn C:\\Users\\csghg\\Desktop\\Woojin\\pnltoen.yaml --env=C:\\Users\\csghg\\Desktop\\Woojin\\DroneDelivery.exe --run-id=cho_1_samecondition_home --width=1080 --height=720 --force --time-scale 50",
        "mlagents_version": "0.27.0",
        "mlagents_envs_version": "0.27.0",
        "communication_protocol_version": "1.5.0",
        "pytorch_version": "1.8.2",
        "numpy_version": "1.19.5",
        "end_time_seconds": "1636207079"
    },
    "total": 2861.4299092,
    "count": 1,
    "self": 0.0051098000003548805,
    "children": {
        "run_training.setup": {
            "total": 0.16309470000000004,
            "count": 1,
            "self": 0.16309470000000004
        },
        "TrainerController.start_learning": {
            "total": 2861.2617047,
            "count": 1,
            "self": 2.603482300071846,
            "children": {
                "TrainerController._reset_env": {
                    "total": 6.218546600000001,
                    "count": 1,
                    "self": 6.218546600000001
                },
                "TrainerController.advance": {
                    "total": 2852.1737672999284,
                    "count": 232379,
                    "self": 2.3619425000342744,
                    "children": {
                        "env_step": {
                            "total": 2306.1683883999176,
                            "count": 232379,
                            "self": 1896.1933132999259,
                            "children": {
                                "SubprocessEnvManager._take_step": {
                                    "total": 407.0965448999743,
                                    "count": 232379,
                                    "self": 7.575846900030342,
                                    "children": {
                                        "TorchPolicy.evaluate": {
                                            "total": 399.52069799994393,
                                            "count": 231667,
                                            "self": 20.306829699972013,
                                            "children": {
                                                "TorchPolicy.sample_actions": {
                                                    "total": 379.2138682999719,
                                                    "count": 231667,
                                                    "self": 379.2138682999719
                                                }
                                            }
                                        }
                                    }
                                },
                                "workers": {
                                    "total": 2.878530200017372,
                                    "count": 232378,
                                    "self": 0.0,